joke_id,joke,Processed_joke,cluster,sorted_topics,main_topic
1,"A man visits the doctor. The doctor says ""I have bad news for you.You havecancer and Alzheimer's disease"". The man replies ""Well,thank God I don't have cancer!""",man visit doctor doctor say news havecancer alzheimer disease man reply god cancer,"[(0, 0.002553701), (1, 0.0021722557), (2, 0.0021684214), (3, 0.0025248607), (4, 0.002951629), (5, 0.0024922867), (6, 0.0026840565), (7, 0.0028713304), (8, 0.0021688908), (9, 0.9774125)]","[(9, 0.9774125), (4, 0.002951629), (7, 0.0028713304), (6, 0.0026840565), (0, 0.002553701), (3, 0.0025248607), (5, 0.0024922867), (1, 0.0021722557), (8, 0.0021688908), (2, 0.0021684214)]",9
2,"This couple had an excellent relationship going until one day he came homefrom work to find his girlfriend packing. He asked her why she was leaving himand she told him that she had heard awful things about him. ""What could they possibly have said to make you move out?"" ""They told me that you were a pedophile."" He replied, ""That's an awfully big word for a ten year old."" ",excellent relationship going day came work find packing asked leaving himand told thing could said make move told pedophile replied word year,"[(0, 0.0015246436), (1, 0.0012969081), (2, 0.9863349), (3, 0.0015074251), (4, 0.0017622197), (5, 0.0014879773), (6, 0.0016024702), (7, 0.0017142788), (8, 0.0012948993), (9, 0.0014742486)]","[(2, 0.9863349), (4, 0.0017622197), (7, 0.0017142788), (6, 0.0016024702), (0, 0.0015246436), (3, 0.0015074251), (5, 0.0014879773), (9, 0.0014742486), (1, 0.0012969081), (8, 0.0012948993)]",2
3,Q. What's 200 feet long and has 4 teeth? A. The front row at a Willie Nelson Concert.,foot teeth row nelson concert,"[(0, 0.006383809), (1, 0.0054302616), (2, 0.0054206764), (3, 0.0063117133), (4, 0.0073785596), (5, 0.006230284), (6, 0.0067096753), (7, 0.0071778274), (8, 0.00542185), (9, 0.9435353)]","[(9, 0.9435353), (4, 0.0073785596), (7, 0.0071778274), (6, 0.0067096753), (0, 0.006383809), (3, 0.0063117133), (5, 0.006230284), (1, 0.0054302616), (8, 0.00542185), (2, 0.0054206764)]",9
4,Q. What's the difference between a man and a toilet? A. A toilet doesn't follow you around after you use it.,difference man toilet toilet doesn follow use,"[(0, 0.0046429113), (1, 0.0039494014), (2, 0.0039424305), (3, 0.0045904764), (4, 0.95981044), (5, 0.0045312536), (6, 0.0048799124), (7, 0.005220397), (8, 0.0039432836), (9, 0.004489446)]","[(4, 0.95981044), (7, 0.005220397), (6, 0.0048799124), (0, 0.0046429113), (3, 0.0045904764), (5, 0.0045312536), (9, 0.004489446), (1, 0.0039494014), (8, 0.0039432836), (2, 0.0039424305)]",4
5,"Q.	What's O. J. Simpson's Internet address? A.	Slash, slash, backslash, slash, slash, escape.",internet address slash slash backslash slash slash escape,"[(0, 0.00408576), (1, 0.96338636), (2, 0.003469337), (3, 0.0040396177), (4, 0.0047224197), (5, 0.0039875014), (6, 0.004294321), (7, 0.0045939474), (8, 0.0034700881), (9, 0.003950711)]","[(1, 0.96338636), (4, 0.0047224197), (7, 0.0045939474), (6, 0.004294321), (0, 0.00408576), (3, 0.0040396177), (5, 0.0039875014), (9, 0.003950711), (8, 0.0034700881), (2, 0.003469337)]",1
6,"Bill & Hillary are on a trip back to Arkansas. They're almost out of gas, so Bill pulls into a service station on the outskirts oftown. The attendant runs out of the station to serve them when Hillary realizes it's an old boyfriend from high school. She andthe attendant chat as he gases up their car and cleans the windows. Then they all say good-bye. As Bill pulls the car onto the road, he turns to Hillary and says, 'Now aren't you glad you married me and not him ? You could'vebeen the wife of a grease monkey !' To which Hillary replied, 'No, Bill. If I would have married him, you'd be pumping gas and he would be the President !' ",bill trip arkansas re gas bill service station run station serve realizes boyfriend school andthe attendant gas car window say bye bill pull car road turn say aren glad married could vebeen wife grease replied bill would married pumping gas would president,"[(0, 0.00080435036), (1, 0.0006842048), (2, 0.00068299717), (3, 0.0007952664), (4, 0.00092968746), (5, 0.99289274), (6, 0.000845409), (7, 0.0009043955), (8, 0.00068314496), (9, 0.00077776366)]","[(5, 0.99289274), (4, 0.00092968746), (7, 0.0009043955), (6, 0.000845409), (0, 0.00080435036), (3, 0.0007952664), (9, 0.00077776366), (1, 0.0006842048), (8, 0.00068314496), (2, 0.00068299717)]",5
7,How many feminists does it take to screw in a light bulb?That's not funny.,take bulb funny,"[(0, 0.3101079), (1, 0.008687662), (2, 0.008672328), (3, 0.010097862), (4, 0.011804667), (5, 0.009967586), (6, 0.61062866), (7, 0.011483524), (8, 0.008674205), (9, 0.009875622)]","[(6, 0.61062866), (0, 0.3101079), (4, 0.011804667), (7, 0.011483524), (3, 0.010097862), (5, 0.009967586), (9, 0.009875622), (1, 0.008687662), (8, 0.008674205), (2, 0.008672328)]",6
8,Q. Did you hear about the dyslexic devil worshiper? A. He sold his soul to Santa.,hear devil sold soul santa,"[(0, 0.0063838763), (1, 0.005430319), (2, 0.0054207337), (3, 0.00631178), (4, 0.0073786373), (5, 0.0062303497), (6, 0.9440716), (7, 0.007177903), (8, 0.005421907), (9, 0.0061728656)]","[(6, 0.9440716), (4, 0.0073786373), (7, 0.007177903), (0, 0.0063838763), (3, 0.00631178), (5, 0.0062303497), (9, 0.0061728656), (1, 0.005430319), (8, 0.005421907), (2, 0.0054207337)]",6
9,"A country guy goes into a city bar that has a dress code, and the maitred' demands he wear a tie. Discouraged, the guy goes to his car to sulk when inspiration strikes: He's got jumper cables in the trunk! So he wrapsthem around his neck, sort of like a string tie (a bulky string tie to besure) and returns to the bar. The maitre d' is reluctant, but says to theguy, ""Okay, you're a pretty resourceful fellow, you can come in... butjust don't start anything""!  ",country guy go city bar dress code maitred demand wear discouraged guy go car sulk inspiration strike got cable trunk wrapsthem sort string bulky string besure return bar maitre say re come start anything,"[(0, 0.99126047), (1, 0.00084363786), (2, 0.0008421488), (3, 0.000980579), (4, 0.0011463227), (5, 0.0009679282), (6, 0.0010424057), (7, 0.0011151372), (8, 0.00084233104), (9, 0.0009589977)]","[(0, 0.99126047), (4, 0.0011463227), (7, 0.0011151372), (6, 0.0010424057), (3, 0.000980579), (5, 0.0009679282), (9, 0.0009589977), (1, 0.00084363786), (8, 0.00084233104), (2, 0.0008421488)]",0
10,"Two cannibals are eating a clown, one turns to other and says: ""Does this taste funny to you? ",eating turn say taste funny,"[(0, 0.94374657), (1, 0.0054302397), (2, 0.005420655), (3, 0.0063116876), (4, 0.0073785298), (5, 0.006230259), (6, 0.0067096483), (7, 0.0071777985), (8, 0.005421828), (9, 0.0061727758)]","[(0, 0.94374657), (4, 0.0073785298), (7, 0.0071777985), (6, 0.0067096483), (3, 0.0063116876), (5, 0.006230259), (9, 0.0061727758), (1, 0.0054302397), (8, 0.005421828), (2, 0.005420655)]",0
11,"Q. What do a hurricane, a tornado, and a redneckdivorce all have in common? A. Someone's going to lose their trailer...",hurricane tornado redneckdivorce someone going trailer,"[(0, 0.952627), (1, 0.0045729927), (2, 0.004564921), (3, 0.0053152908), (4, 0.0062137153), (5, 0.0052467166), (6, 0.0056504267), (7, 0.0060446723), (8, 0.004565909), (9, 0.0051983083)]","[(0, 0.952627), (4, 0.0062137153), (7, 0.0060446723), (6, 0.0056504267), (3, 0.0053152908), (5, 0.0052467166), (9, 0.0051983083), (1, 0.0045729927), (8, 0.004565909), (2, 0.004564921)]",0
12,"A guy stood over his tee shot for what seemed an eternity, looking up, looking down, measuring the distance,figuring the wind direction and speed. Driving his partner nuts.Finally his exasperated partner says, ""What the hell is taking so long? Hit the goddamn ball!""The guy answers, ""My wife is up there watching me from the clubhouse. I want to make this a perfect shot.""""Well, hell, man, you don't stand a snowball's chance in hell of hitting her from here!"" ",guy stood tee shot seemed eternity looking looking measuring distance figuring direction speed driving partner nut exasperated partner say hell taking hit goddamn ball guy answer wife watching clubhouse want make perfect shot man stand chance hell hitting,"[(0, 0.0008882852), (1, 0.0007556024), (2, 0.00075426867), (3, 0.00087825337), (4, 0.0010267014), (5, 0.0008669227), (6, 0.0009336284), (7, 0.0009987702), (8, 0.9920386), (9, 0.0008589242)]","[(8, 0.9920386), (4, 0.0010267014), (7, 0.0009987702), (6, 0.0009336284), (0, 0.0008882852), (3, 0.00087825337), (5, 0.0008669227), (9, 0.0008589242), (1, 0.0007556024), (2, 0.00075426867)]",8
13,"They asked the Japanese visitor if they have elections in hiscountry.  ""Every Morning"" he answers.",asked visitor election hiscountry morning answer,"[(0, 0.0053758896), (1, 0.004572895), (2, 0.95181704), (3, 0.005315177), (4, 0.006213582), (5, 0.0052466043), (6, 0.005650306), (7, 0.006044543), (8, 0.0045658113), (9, 0.005198197)]","[(2, 0.95181704), (4, 0.006213582), (7, 0.006044543), (6, 0.005650306), (0, 0.0053758896), (3, 0.005315177), (5, 0.0052466043), (9, 0.005198197), (1, 0.004572895), (8, 0.0045658113)]",2
14,"The father was very anxious to marry off his only daughter so he wanted to impress her date. ""Do  you like to screw,"" he says. ""Huh"" replied the surprised first date. ""My daughter she loves to screw and she's good at it, you and her  should go screw,"" carefully explained the father. Now very interested the boy replied, ""Yes, sir."" Minutes later the girl came down the stairs, kissed her father goodbye and the couple left. After only a few minutes she reappeared, furious, dress torn, hair a mess and screamed""Dammit, Daddy, it's the TWIST, get it straight!"" ",marry daughter wanted date screw say huh replied date daughter love screw go screw explained boy replied sir minute came stair kissed couple left minute reappeared dress hair mess screamed dammit daddy twist get straight,"[(0, 0.9915079), (1, 0.00081975746), (2, 0.00081831054), (3, 0.0009528223), (4, 0.0011138744), (5, 0.0009405296), (6, 0.001012899), (7, 0.0010835717), (8, 0.00081848766), (9, 0.00093185186)]","[(0, 0.9915079), (4, 0.0011138744), (7, 0.0010835717), (6, 0.001012899), (3, 0.0009528223), (5, 0.0009405296), (9, 0.00093185186), (1, 0.00081975746), (8, 0.00081848766), (2, 0.00081831054)]",0
15,Q:  What did the blind person say when given some matzah?A:  Who the hell wrote this?,person say given matzah hell wrote,"[(0, 0.005375971), (1, 0.004572964), (2, 0.0045648925), (3, 0.0053152572), (4, 0.006213676), (5, 0.0052466835), (6, 0.9529017), (7, 0.0060446346), (8, 0.0045658806), (9, 0.0051982757)]","[(6, 0.9529017), (4, 0.006213676), (7, 0.0060446346), (0, 0.005375971), (3, 0.0053152572), (5, 0.0052466835), (9, 0.0051982757), (1, 0.004572964), (8, 0.0045658806), (2, 0.0045648925)]",6
16,Q. What is orange and sounds like a parrot?  A. A carrot.,orange sound parrot carrot,"[(0, 0.007857044), (1, 0.00668344), (2, 0.006671643), (3, 0.00776831), (4, 0.00908136), (5, 0.007668089), (6, 0.008258113), (7, 0.9317416), (8, 0.0066730874), (9, 0.00759734)]","[(7, 0.9317416), (4, 0.00908136), (6, 0.008258113), (0, 0.007857044), (3, 0.00776831), (5, 0.007668089), (9, 0.00759734), (1, 0.00668344), (8, 0.0066730874), (2, 0.006671643)]",7
17,How many men does it take to screw in a light bulb? One...men will screw anything. ,men take screw light bulb men screw anything,"[(0, 0.004085744), (1, 0.0034754577), (2, 0.0034693233), (3, 0.0040396014), (4, 0.0047224006), (5, 0.003987485), (6, 0.96420527), (7, 0.004593929), (8, 0.0034700742), (9, 0.003950695)]","[(6, 0.96420527), (4, 0.0047224006), (7, 0.004593929), (0, 0.004085744), (3, 0.0040396014), (5, 0.003987485), (9, 0.003950695), (1, 0.0034754577), (8, 0.0034700742), (2, 0.0034693233)]",6
18,"A dog walks into Western Union and asks the clerk to send a telegram. He fills out a form on which hewrites down the telegram he wishes to send: ""Bow wow wow, Bow wow wow.""The clerk says, ""You can add another 'Bow wow' for the same price.""The dog responded, ""Now wouldn't that sound a little silly?"" ",dog walk union asks send telegram fill form hewrites send bow wow wow bow wow wow clerk say bow wow price dog responded,"[(0, 0.0014592834), (1, 0.0012413107), (2, 0.9869207), (3, 0.001442803), (4, 0.0016866748), (5, 0.001424189), (6, 0.0015337736), (7, 0.0016407891), (8, 0.0012393879), (9, 0.0014110488)]","[(2, 0.9869207), (4, 0.0016866748), (7, 0.0016407891), (6, 0.0015337736), (0, 0.0014592834), (3, 0.001442803), (5, 0.001424189), (9, 0.0014110488), (1, 0.0012413107), (8, 0.0012393879)]",2
19,"Q: If a person who speaks three languages is called ""tri-lingual,"" anda person who speaks two languages is called ""bi-lingual,"" what do calla person who only speaks one language?A: American! ",person speaks language called anda person speaks language called calla person speaks language,"[(0, 0.0025537044), (1, 0.0021722584), (2, 0.0021684242), (3, 0.0025248642), (4, 0.002951633), (5, 0.0024922902), (6, 0.0026840603), (7, 0.9778146), (8, 0.0021688936), (9, 0.0024692952)]","[(7, 0.9778146), (4, 0.002951633), (6, 0.0026840603), (0, 0.0025537044), (3, 0.0025248642), (5, 0.0024922902), (9, 0.0024692952), (1, 0.0021722584), (8, 0.0021688936), (2, 0.0021684242)]",7
20,What's the difference between a MacIntosh and anEtch-A-Sketch? You don't have to shake the Mac to clear the screen. ,difference macintosh anetch sketch shake mac screen,"[(0, 0.0046429327), (1, 0.003949419), (2, 0.003942448), (3, 0.0045904974), (4, 0.005366413), (5, 0.004531274), (6, 0.0048799342), (7, 0.0052204207), (8, 0.0039433017), (9, 0.95893335)]","[(9, 0.95893335), (4, 0.005366413), (7, 0.0052204207), (6, 0.0048799342), (0, 0.0046429327), (3, 0.0045904974), (5, 0.004531274), (1, 0.003949419), (8, 0.0039433017), (2, 0.003942448)]",9
21,"What's the difference between a used tire and 365 used condoms?One's a Goodyear, the other's a great year.",difference used tire used condom goodyear year,"[(0, 0.95908713), (1, 0.003949387), (2, 0.003942416), (3, 0.00459046), (4, 0.005366369), (5, 0.0045312373), (6, 0.0048798947), (7, 0.0052203783), (8, 0.0039432696), (9, 0.00448943)]","[(0, 0.95908713), (4, 0.005366369), (7, 0.0052203783), (6, 0.0048798947), (3, 0.00459046), (5, 0.0045312373), (9, 0.00448943), (1, 0.003949387), (8, 0.0039432696), (2, 0.003942416)]",0
22,"A duck walks into a pharmacy and asks for a condom. The pharmacist says""Would you like me to stick that on your bill?""The duck says: ""What kind of duck do you think I am!""",duck walk pharmacy asks pharmacist say would like bill duck say kind duck think,"[(0, 0.0023755492), (1, 0.002020714), (2, 0.0020171474), (3, 0.0023487208), (4, 0.979437), (5, 0.0023184193), (6, 0.0024968106), (7, 0.0026710199), (8, 0.002017584), (9, 0.0022970284)]","[(4, 0.979437), (7, 0.0026710199), (6, 0.0024968106), (0, 0.0023755492), (3, 0.0023487208), (5, 0.0023184193), (9, 0.0022970284), (1, 0.002020714), (8, 0.002017584), (2, 0.0020171474)]",4
23,Q: What is the Australian word for a boomerang that won't   come back? A: A stick,word boomerang won come stick,"[(0, 0.0063838204), (1, 0.0054302714), (2, 0.005420686), (3, 0.94367415), (4, 0.0073785726), (5, 0.006230295), (6, 0.006709687), (7, 0.00717784), (8, 0.0054218597), (9, 0.0061728116)]","[(3, 0.94367415), (4, 0.0073785726), (7, 0.00717784), (6, 0.006709687), (0, 0.0063838204), (5, 0.006230295), (9, 0.0061728116), (1, 0.0054302714), (8, 0.0054218597), (2, 0.005420686)]",3
24,What do you get when you run over a parakeet with a lawnmower? Shredded tweet.,get run tweet,"[(0, 0.010213121), (1, 0.00868759), (2, 0.008672256), (3, 0.010097779), (4, 0.01180457), (5, 0.009967504), (6, 0.0107344575), (7, 0.01148343), (8, 0.008674134), (9, 0.90966517)]","[(9, 0.90966517), (4, 0.01180457), (7, 0.01148343), (6, 0.0107344575), (0, 0.010213121), (3, 0.010097779), (5, 0.009967504), (1, 0.00868759), (8, 0.008674134), (2, 0.008672256)]",9
25,"Two kindergarten girls were talking outside: one said, ""Youwon't believe what I saw on the patio yesterday--a condom!""The second girl asked, ""What's a patio?""",girl talking said youwon believe saw patio yesterday condom girl asked patio,"[(0, 0.0027608057), (1, 0.0023484249), (2, 0.0023442798), (3, 0.0027296264), (4, 0.0031910052), (5, 0.0026944105), (6, 0.002901733), (7, 0.9760154), (8, 0.0023447871), (9, 0.002669551)]","[(7, 0.9760154), (4, 0.0031910052), (6, 0.002901733), (0, 0.0027608057), (3, 0.0027296264), (5, 0.0026944105), (9, 0.002669551), (1, 0.0023484249), (8, 0.0023447871), (2, 0.0023442798)]",7
26,"A guy walks into a bar and sits down next to an extremely gorgeous woman.  The first thing he notices about her though, are her pants.  They were skin-tight, high-waisted and had no obvious mechanism (zipper, buttons or velcro) for opening them.After several minutes of puzzling over how she got the pants up over her hips, he finally worked up the nerve to ask her.  ""Excuse me miss, but how do you get into your pants?""""Well,"" she replied, ""you can start by buying me a drink.""",guy walk bar sits woman thing notice skin waisted mechanism button velcro opening minute puzzling got hip worked ask excuse miss get start buying drink,"[(0, 0.0013441016), (1, 0.0011433336), (2, 0.98795307), (3, 0.001328922), (4, 0.0015535449), (5, 0.0013117772), (6, 0.0014127123), (7, 0.001511281), (8, 0.0011415626), (9, 0.0012996742)]","[(2, 0.98795307), (4, 0.0015535449), (7, 0.001511281), (6, 0.0014127123), (0, 0.0013441016), (3, 0.001328922), (5, 0.0013117772), (9, 0.0012996742), (1, 0.0011433336), (8, 0.0011415626)]",2
27,"Clinton returns from a vacation in Arkansas and walks down  thesteps of Air Force One with two pigs under his arms.  At the bottomof the steps, he says  to the honor guardsman, ""These are genuineArkansas Razor-Back Hogs.  I got this one for Chelsea and this one forHillary.""  The guardsman replies, ""Nice trade, Sir.""",clinton return vacation arkansas walk thesteps air force pig arm step say genuinearkansas razor hog got chelsea guardsman reply trade sir,"[(0, 0.0015961338), (1, 0.0013577199), (2, 0.0013553234), (3, 0.985917), (4, 0.0018448498), (5, 0.0015577483), (6, 0.0016776097), (7, 0.001794661), (8, 0.0013556167), (9, 0.0015433758)]","[(3, 0.985917), (4, 0.0018448498), (7, 0.001794661), (6, 0.0016776097), (0, 0.0015961338), (5, 0.0015577483), (9, 0.0015433758), (1, 0.0013577199), (8, 0.0013556167), (2, 0.0013553234)]",3
28,"A mechanical, electrical and a software engineer from Microsoft weredriving through the desert when the car broke down. The mechanicalengineer said ""It seems to be a problem with the fuel injection system,why don't we pop the hood and I'll take a look at it."" To which theelectrical engineer replied, ""No I think it's just a loose ground wire,I'll get out and take a look."" Then, the Microsoft engineer jumps in.""No, no, no. If we just close up all the windows, get out, wait a fewminutes, get back in, and then reopen the windows everything will workfine.""",software engineer microsoft weredriving desert car broke mechanicalengineer said seems problem fuel injection system pop hood ll take look engineer replied think ground wire ll get take look engineer jump get wait fewminutes get window everything workfine,"[(0, 0.000912086), (1, 0.000775848), (2, 0.00077447854), (3, 0.00090178533), (4, 0.0010542108), (5, 0.00089015113), (6, 0.0009586441), (7, 0.99207616), (8, 0.00077464624), (9, 0.0008819382)]","[(7, 0.99207616), (4, 0.0010542108), (6, 0.0009586441), (0, 0.000912086), (3, 0.00090178533), (5, 0.00089015113), (9, 0.0008819382), (1, 0.000775848), (8, 0.00077464624), (2, 0.00077447854)]",7
29,"An old Scotsmen is sitting with a younger Scottish gentleman and says the boy. ""Ah, lad look out that window. You see that stone wall there, I built it withme own bare hands, placed every stone meself.  But do they call me MacGregor thewall builder? No! He Takes a few sips of his beer then says, ""Aye, and look out on that lake and eye that beautiful pier. I built it meself, laid every board and hammered eachnail but do they call me MacGregor the pier builder? No! He continues...""And lad, you see that road? That too I build with me own bare hands. Laid every inch of pavement meself, but do they call MacGregor the roadbuilder? No!""Again he returns to his beer for a few sips, then says, ""Agh, but you screw one sheep...""",scotsman sitting gentleman say ah look see stone wall built withme hand placed stone call thewall builder take beer say look eye beautiful pier built laid board hammered call macgregor pier builder continues see road build hand laid inch pavement call roadbuilder return beer sip say screw sheep,"[(0, 0.0007045002), (1, 0.00059926923), (2, 0.0005982115), (3, 0.0006965439), (4, 0.0008142782), (5, 0.00068755756), (6, 0.0007404619), (7, 0.00079212594), (8, 0.99368584), (9, 0.00068121386)]","[(8, 0.99368584), (4, 0.0008142782), (7, 0.00079212594), (6, 0.0007404619), (0, 0.0007045002), (3, 0.0006965439), (5, 0.00068755756), (9, 0.00068121386), (1, 0.00059926923), (2, 0.0005982115)]",8
30,Q: What's the difference between a Lawyer and a Plumber? A: A Plumber works to unclog the system.,difference lawyer plumber work unclog system,"[(0, 0.0053759725), (1, 0.004572965), (2, 0.004564894), (3, 0.9525666), (4, 0.006213678), (5, 0.0052466854), (6, 0.005650393), (7, 0.0060446365), (8, 0.004565882), (9, 0.005198277)]","[(3, 0.9525666), (4, 0.006213678), (7, 0.0060446365), (6, 0.005650393), (0, 0.0053759725), (5, 0.0052466854), (9, 0.005198277), (1, 0.004572965), (8, 0.004565882), (2, 0.004564894)]",3
31," President Clinton looks up from his desk in the Oval Office to see one of his aides nervously approach him.  ""What is it?"" exclaims the President. ""It's this Abortion Bill Mr. President, what do you want to do about it?"" the aide replies. ""Just go ahead and pay it."" responds the President. ",president clinton look desk office see aide approach president abortion bill mr president want aide reply go pay responds president,"[(0, 0.0016746062), (1, 0.0014244709), (2, 0.0014219566), (3, 0.0016556941), (4, 0.98550445), (5, 0.0016343334), (6, 0.0017600878), (7, 0.0018828938), (8, 0.0014222644), (9, 0.0016192544)]","[(4, 0.98550445), (7, 0.0018828938), (6, 0.0017600878), (0, 0.0016746062), (3, 0.0016556941), (5, 0.0016343334), (9, 0.0016192544), (1, 0.0014244709), (8, 0.0014222644), (2, 0.0014219566)]",4
32,"A man arrives at the gates of heaven. St. Peter asks, ""Religion?"" The man says, ""Methodist."" St. Peter looks down his list, and says, ""Go to room 24, but be very quiet as you pass room 8."" Another man arrives at the gates of heaven. ""Religion?""""Baptist."" ""Go to room 18, but be very quiet as you pass room 8."" A third man arrives at the gates. ""Religion?"" ""Jewish.""""Go to room 11, but be very quiet as you pass room 8."" The man says, ""I can understand there being different rooms for different religions, but whymust I be quiet when I pass room 8?"" St. Peter tells him, ""Well the Catholics are in room 8, and they think they're the only ones here.",man arrives heaven st peter asks religion man say methodist st peter look list say go room pas room man arrives religion baptist go room pas room man arrives religion jewish go room pas room man say room religion whymust pas room peter tell room think re,"[(0, 0.0007193735), (1, 0.00061192096), (2, 0.00061084086), (3, 0.0007112493), (4, 0.99377304), (5, 0.0007020732), (6, 0.00075609447), (7, 0.00080884923), (8, 0.0006109731), (9, 0.00069559563)]","[(4, 0.99377304), (7, 0.00080884923), (6, 0.00075609447), (0, 0.0007193735), (3, 0.0007112493), (5, 0.0007020732), (9, 0.00069559563), (1, 0.00061192096), (8, 0.0006109731), (2, 0.00061084086)]",4
33,"What do you call an American in the finals of the world cup?""Hey Beer Man!""",world cup hey beer man,"[(0, 0.0063838153), (1, 0.0054302667), (2, 0.005420682), (3, 0.0063117193), (4, 0.0073785665), (5, 0.00623029), (6, 0.9440721), (7, 0.0071778344), (8, 0.0054218555), (9, 0.006172807)]","[(6, 0.9440721), (4, 0.0073785665), (7, 0.0071778344), (0, 0.0063838153), (3, 0.0063117193), (5, 0.00623029), (9, 0.006172807), (1, 0.0054302667), (8, 0.0054218555), (2, 0.005420682)]",6
34,"Out in the backwoods of some midwestern state, little Johnny arrivesat school an hour late.Teacher: ""Why are you so late, John?""Johny : ""My big brother got shot in the ass.""(the teacher corrects his speech)Teacher: ""Rectum.""Johnny : ""Wrecked him!? Hell, It damn near killed him!"" ",backwoods state school hour teacher john johny brother got teacher corrects speech johnny wrecked hell damn killed,"[(0, 0.9826893), (1, 0.0016710286), (2, 0.001668079), (3, 0.0019422736), (4, 0.002270569), (5, 0.0019172156), (6, 0.0020647366), (7, 0.0022087987), (8, 0.0016684402), (9, 0.0018995267)]","[(0, 0.9826893), (4, 0.002270569), (7, 0.0022087987), (6, 0.0020647366), (3, 0.0019422736), (5, 0.0019172156), (9, 0.0018995267), (1, 0.0016710286), (8, 0.0016684402), (2, 0.001668079)]",0
35,"An explorer in the deepest Amazon suddenly finds himself surroundedby a bloodthirsty group of natives. Upon surveying the situation, hesays quietly to himself, ""Oh God, I'm screwed."" The sky darkens and a voice booms out, ""No, you are NOTscrewed. Pick up that stone at your feet and bash in the head of thechief standing in front of you."" So with the stone he bashes the life out of the chief. Standing abovethe lifeless body, breathing heavily looking at 100 angry natives... The voice booms out again, ""Okay ..... NOW you're screwed."" ",explorer amazon find group surveying situation hesays oh screwed darkens voice boom notscrewed stone foot bash head thechief standing stone life chief standing lifeless body breathing looking voice boom re screwed,"[(0, 0.001086722), (1, 0.99026155), (2, 0.0009227671), (3, 0.0010744492), (4, 0.0012560594), (5, 0.0010605874), (6, 0.0011421946), (7, 0.0012218886), (8, 0.0009229668), (9, 0.001050802)]","[(1, 0.99026155), (4, 0.0012560594), (7, 0.0012218886), (6, 0.0011421946), (0, 0.001086722), (3, 0.0010744492), (5, 0.0010605874), (9, 0.001050802), (8, 0.0009229668), (2, 0.0009227671)]",1
36,"A guy walks into a bar, orders a beer and says to the bartender,""Hey, I got this great Polish Joke..."" The barkeep glares at him and says in a warning tone of voice:""Before you go telling that joke you better know that I'm Polish, bothbouncers are Polish and so are most of my customers""""Okay"" says the customer,""I'll tell it very slowly."" ",guy walk bar order beer say bartender hey got joke barkeep glare say warning tone voice go telling joke know bothbouncers customer okay say customer ll tell,"[(0, 0.0012457736), (1, 0.0010596928), (2, 0.0010578225), (3, 0.0012317045), (4, 0.0014398951), (5, 0.0012158139), (6, 0.0013093652), (7, 0.9891773), (8, 0.0010580514), (9, 0.0012045964)]","[(7, 0.9891773), (4, 0.0014398951), (6, 0.0013093652), (0, 0.0012457736), (3, 0.0012317045), (5, 0.0012158139), (9, 0.0012045964), (1, 0.0010596928), (8, 0.0010580514), (2, 0.0010578225)]",7
37,"A Jewish young man was seeing a psychiatrist for an eating andsleeping disorder. ""I am so obsessed with my mother... As soon as I go to sleep, I startdreaming, and everyone in my dream turns into my mother. I wake up insuch a state, all I can do is go downstairs and eat a piece of toast.""The psychiatrist replies:""What, just one piece of toast, for a big boy like you?""",man seeing eating andsleeping disorder obsessed go startdreaming everyone dream turn wake state go psychiatrist reply piece toast boy,"[(0, 0.0017612652), (1, 0.0014981856), (2, 0.0014955412), (3, 0.0017413744), (4, 0.0020357126), (5, 0.0017189083), (6, 0.0018511703), (7, 0.98469895), (8, 0.0014958649), (9, 0.0017030489)]","[(7, 0.98469895), (4, 0.0020357126), (6, 0.0018511703), (0, 0.0017612652), (3, 0.0017413744), (5, 0.0017189083), (9, 0.0017030489), (1, 0.0014981856), (8, 0.0014958649), (2, 0.0014955412)]",7
38,"""May I take your order?"" the waiter asked. ""Yes, how do you prepare your chickens?"" ""Nothing special sir,"" he replied. ""We just tell them straight outthat they're going to die.""",may take order waiter asked yes prepare chicken nothing sir replied tell re going die,"[(0, 0.0022206595), (1, 0.0018889604), (2, 0.0018856261), (3, 0.0021955804), (4, 0.0025666915), (5, 0.9803783), (6, 0.0023340147), (7, 0.002496865), (8, 0.0018860343), (9, 0.0021472585)]","[(5, 0.9803783), (4, 0.0025666915), (7, 0.002496865), (6, 0.0023340147), (0, 0.0022206595), (3, 0.0021955804), (9, 0.0021472585), (1, 0.0018889604), (8, 0.0018860343), (2, 0.0018856261)]",5
39,What is the difference between men and women:A woman wants one man to satisfy her every need.A man wants every woman to satisfy his one need.,difference men woman woman want man satisfy need man want woman satisfy need,"[(0, 0.0025536628), (1, 0.0021722228), (2, 0.0021683888), (3, 0.002524823), (4, 0.9778952), (5, 0.0024922492), (6, 0.0026840162), (7, 0.0028712873), (8, 0.0021688582), (9, 0.002469255)]","[(4, 0.9778952), (7, 0.0028712873), (6, 0.0026840162), (0, 0.0025536628), (3, 0.002524823), (5, 0.0024922492), (9, 0.002469255), (1, 0.0021722228), (8, 0.0021688582), (2, 0.0021683888)]",4
40,"How many Irishmen does it take to change a lightbulb?Two, one to hold the lightbulb and the other to drink until the room spins. ",take change lightbulb hold lightbulb drink room spin,"[(0, 0.0040858146), (1, 0.0034755177), (2, 0.003469383), (3, 0.0040396713), (4, 0.0047224825), (5, 0.003987554), (6, 0.0042943778), (7, 0.0045940084), (8, 0.9633804), (9, 0.0039507635)]","[(8, 0.9633804), (4, 0.0047224825), (7, 0.0045940084), (6, 0.0042943778), (0, 0.0040858146), (3, 0.0040396713), (5, 0.003987554), (9, 0.0039507635), (1, 0.0034755177), (2, 0.003469383)]",8
41,"What does an atheist say during an orgasm?""Oh Darwin! Oh Darwin!...""",say darwin oh darwin,"[(0, 0.0078566065), (1, 0.006683068), (2, 0.0066712718), (3, 0.007767878), (4, 0.93199235), (5, 0.007667662), (6, 0.008257653), (7, 0.008833812), (8, 0.006672716), (9, 0.007596917)]","[(4, 0.93199235), (7, 0.008833812), (6, 0.008257653), (0, 0.0078566065), (3, 0.007767878), (5, 0.007667662), (9, 0.007596917), (1, 0.006683068), (8, 0.006672716), (2, 0.0066712718)]",4
42,"Two men are discussing the age old question: who enjoys sex more, theman or the woman?  A woman walks by and listens in for awhile and theninterrupts: ""Listen you guys. You know when your ear itches and you put in your little finger and wiggle it around for awhile?  Afterward,which feels better, your finger or your ear?""",men discussing age question enjoys sex woman woman walk listens theninterrupts listen guy know itch put finger wiggle feel finger ear,"[(0, 0.0015961248), (1, 0.0013577122), (2, 0.0013553158), (3, 0.001578099), (4, 0.98618376), (5, 0.0015577395), (6, 0.0016776002), (7, 0.0017946509), (8, 0.0013556092), (9, 0.0015433672)]","[(4, 0.98618376), (7, 0.0017946509), (6, 0.0016776002), (0, 0.0015961248), (3, 0.001578099), (5, 0.0015577395), (9, 0.0015433672), (1, 0.0013577122), (8, 0.0013556092), (2, 0.0013553158)]",4
43,"Arnold Swartzeneger and Sylvester Stallone are making a movie aboutthe lives of the great composers.  Stallone says ""I want to be Mozart."" Swartzeneger says: ""In that case...  I'll be Bach.""",swartzeneger sylvester stallone making movie life composer stallone say want swartzeneger say case bach,"[(0, 0.97906667), (1, 0.0020207306), (2, 0.002017164), (3, 0.00234874), (4, 0.0027457392), (5, 0.0023184381), (6, 0.0024968311), (7, 0.0026710418), (8, 0.0020176005), (9, 0.0022970473)]","[(0, 0.97906667), (4, 0.0027457392), (7, 0.0026710418), (6, 0.0024968311), (3, 0.00234874), (5, 0.0023184381), (9, 0.0022970473), (1, 0.0020207306), (8, 0.0020176005), (2, 0.002017164)]",0
44,"A horse walks into a bar. Bartender says:""So, why the long face?""",horse walk bar bartender say face,"[(0, 0.005375917), (1, 0.004572918), (2, 0.004564847), (3, 0.005315204), (4, 0.95346546), (5, 0.0052466313), (6, 0.005650335), (7, 0.006044574), (8, 0.004565835), (9, 0.0051982235)]","[(4, 0.95346546), (7, 0.006044574), (6, 0.005650335), (0, 0.005375917), (3, 0.005315204), (5, 0.0052466313), (9, 0.0051982235), (1, 0.004572918), (8, 0.004565835), (2, 0.004564847)]",4
45,"A boy comes home from school and tells his mother that he got a partin the school play.  ""What part?"" the mother asked. ""I play a Jewishhusband,"" the boy replied.  ""Go back to school and tell your teacher that you want a speaking role!""",boy come home school tell mother got school play part mother asked play jewishhusband boy replied go school tell teacher want speaking role,"[(0, 0.0014593118), (1, 0.0012413348), (2, 0.0012391438), (3, 0.001442831), (4, 0.0016867076), (5, 0.0014242167), (6, 0.0015338034), (7, 0.98732215), (8, 0.001239412), (9, 0.0014110762)]","[(7, 0.98732215), (4, 0.0016867076), (6, 0.0015338034), (0, 0.0014593118), (3, 0.001442831), (5, 0.0014242167), (9, 0.0014110762), (1, 0.0012413348), (8, 0.001239412), (2, 0.0012391438)]",7
46,"A couple has been married for 75 years. For the husband's 95thbirthday, his wife decides to surprise him by hiring a prostitute.That day, the doorbell rings. The husband uses his walker to get tothe door and opens it. A 21-year-old in a latex outfit smiles andsays, ""Hi, I here to give you super sex!"" The old man says, ""I'll take the soup.""",couple married year husband wife decides surprise hiring prostitute day doorbell ring husband get door year latex outfit smile andsays hi sex man say take soup,"[(0, 0.0012930656), (1, 0.0010999208), (2, 0.0010979794), (3, 0.0012784624), (4, 0.0014945562), (5, 0.0012619685), (6, 0.98867166), (7, 0.0014538971), (8, 0.0010982171), (9, 0.0012503251)]","[(6, 0.98867166), (4, 0.0014945562), (7, 0.0014538971), (0, 0.0012930656), (3, 0.0012784624), (5, 0.0012619685), (9, 0.0012503251), (1, 0.0010999208), (8, 0.0010982171), (2, 0.0010979794)]",6
47,"There was an engineer who had an exceptional gift for fixing all things mechanical.  After serving his company loyally for over 30 years, he happily retired.  Several years later the company contacted him regarding a seemingly impossible problem they were having with one of their multi-million dollar machines. They had tried everything and everyone else to get the machine fixed, but to no avail.  In desperation, they called on the retired engineer who had solved so many of their problems in the past.The engineer reluctantly took the challenge.  He spent a day studying the huge machine.  At the end of the day, he marked a small ""x"" in chalk on a particular component of the machine and proudly stated, ""This is where your problem is"".The part was replaced and the machine worked perfectly again. The company received a bill for $50,000 from the engineer for his service.They demanded an itemized accounting of his charges. The engineer responded briefly:One chalk mark                       $1 Knowing where to put it            $49,999It was paid in full and the engineer retired again in peace. ",engineer gift fixing thing serving company year retired year company contacted regarding problem multi dollar machine tried everything everyone get machine fixed desperation called retired solved problem engineer took challenge spent day studying machine end day marked chalk component machine stated problem part replaced machine worked company received bill engineer service demanded accounting charge engineer responded briefly chalk mark knowing put paid engineer retired peace,"[(0, 0.0005211914), (1, 0.0004433412), (2, 0.00044255867), (3, 0.0005153053), (4, 0.0006024055), (5, 0.0005086572), (6, 0.9954339), (7, 0.0005860172), (8, 0.00044265445), (9, 0.0005039641)]","[(6, 0.9954339), (4, 0.0006024055), (7, 0.0005860172), (0, 0.0005211914), (3, 0.0005153053), (5, 0.0005086572), (9, 0.0005039641), (1, 0.0004433412), (8, 0.00044265445), (2, 0.00044255867)]",6
48,"The graduate with a Science degree asks, ""Why does it work?""The graduate with an Engineering degree asks, ""How does it work?""The graduate with an Accounting degree Asks, ""How much will it cost?"" The graduate with a  Liberal Arts degree asks, ""Do you want fries with  that?""",graduate science degree asks work graduate engineering degree asks work graduate accounting degree asks cost graduate art degree asks want fry,"[(0, 0.0015960926), (1, 0.0013576848), (2, 0.0013552884), (3, 0.0015780671), (4, 0.98618406), (5, 0.001557708), (6, 0.0016775663), (7, 0.0017946147), (8, 0.0013555818), (9, 0.001543336)]","[(4, 0.98618406), (7, 0.0017946147), (6, 0.0016775663), (0, 0.0015960926), (3, 0.0015780671), (5, 0.001557708), (9, 0.001543336), (1, 0.0013576848), (8, 0.0013555818), (2, 0.0013552884)]",4
49,"Three engineering students were gathered together discussing thepossible designers of the human body.  One said, ""It was a mechanical engineer. Just look at all the joints.""  Another said, ""No, it was an electrical engineer.  The nervous systems many thousands of electricalconnections.""  The last said, ""Actually it was a civil engineer. Who else would run a toxic waste pipeline through a recreational area?""",engineering student gathered discussing designer body said engineer look joint said engineer system electricalconnections said engineer would run waste pipeline area,"[(0, 0.0015961411), (1, 0.001357726), (2, 0.0013553295), (3, 0.0015781152), (4, 0.0018448583), (5, 0.0015577554), (6, 0.0016776173), (7, 0.98613346), (8, 0.001355623), (9, 0.0015433829)]","[(7, 0.98613346), (4, 0.0018448583), (6, 0.0016776173), (0, 0.0015961411), (3, 0.0015781152), (5, 0.0015577554), (9, 0.0015433829), (1, 0.001357726), (8, 0.001355623), (2, 0.0013553295)]",7
50,"A guy goes into confession and says to the priest, ""Father, I'm 80 yearsold, widower, with 11 grandchildren. Last night I met two beautiful flightattendants. They took me home and I made love to both of them. Twice.""The priest said: ""Well, my son, when was the last time you were inconfession?"" ""Never Father, I'm Jewish."" ""So then, why are you telling me?"" ""I'm telling everybody.""",guy go confession say father yearsold grandchild night met flightattendants took home made priest said son time inconfession telling telling everybody,"[(0, 0.0015961064), (1, 0.98569685), (2, 0.0013553002), (3, 0.0015780808), (4, 0.0018448181), (5, 0.0015577215), (6, 0.0016775809), (7, 0.0017946302), (8, 0.0013555936), (9, 0.0015433494)]","[(1, 0.98569685), (4, 0.0018448181), (7, 0.0017946302), (6, 0.0016775809), (0, 0.0015961064), (3, 0.0015780808), (5, 0.0015577215), (9, 0.0015433494), (8, 0.0013555936), (2, 0.0013553002)]",1
51,Did you hear that Clinton has announced there is a new national bird?  The spread eagle.,clinton announced bird spread eagle,"[(0, 0.0063838093), (1, 0.005430262), (2, 0.005420677), (3, 0.0063117137), (4, 0.00737856), (5, 0.0062302845), (6, 0.006709676), (7, 0.007177828), (8, 0.0054218504), (9, 0.9435353)]","[(9, 0.9435353), (4, 0.00737856), (7, 0.007177828), (6, 0.006709676), (0, 0.0063838093), (3, 0.0063117137), (5, 0.0062302845), (1, 0.005430262), (8, 0.0054218504), (2, 0.005420677)]",9
52,Q: What do Monica Lewinsky and Bob Dole have in common?A: They were both upset when Bill finished first.,monica lewinsky bill finished,"[(0, 0.007856819), (1, 0.0066832486), (2, 0.0066714524), (3, 0.9306776), (4, 0.0090811), (5, 0.0076678693), (6, 0.008257876), (7, 0.008834051), (8, 0.0066728964), (9, 0.007597123)]","[(3, 0.9306776), (4, 0.0090811), (7, 0.008834051), (6, 0.008257876), (0, 0.007856819), (5, 0.0076678693), (9, 0.007597123), (1, 0.0066832486), (8, 0.0066728964), (2, 0.0066714524)]",3
53,"One Sunday morning William burst into the living room and said,""Dad! Mom! I have some great news for you! I am getting marriedto the most beautiful girl in town. She lives a block away andher name is Susan.""After dinner, William's dad took him aside. ""Son, I have to talkwith you. Your mother and I have been married 30 years.. She's awonderful wife but she has never offered much excitement in thebedroom, so I used to fool around with women a lot. Susan isactually your half-sister, and I'm afraid you can't marry her.""William was heart-broken. After eight months he eventuallystarted dating girls again. A year later he came home and veryproudly announced, ""Dianne said yes! We're getting married inJune.""Again his father insisted on another private conversation andbroke the sad news. ""Dianne is your half-sister too, William. I'mawfully sorry about this.""William was furious! He finally decided to go to his mother withthe news.""Dad has done so much harm.. I guess I'm never going to getmarried,""  he complained. ""Every time I fall in love, Dad tellsme the girl is my half-sister.""His mother just shook her head. ""Don't pay any attention to whathe says, dear. He's not really your father.""",sunday morning william burst living room said mom news getting marriedto town life block name dinner william dad took talkwith mother married year wife offered excitement thebedroom used fool woman lot susan marry heart broken month eventuallystarted dating girl year came announced dianne said re getting married injune father insisted conversation andbroke news dianne half sister william decided go news dad done harm guess going getmarried complained time fall love dad tellsme girl half sister mother shook head pay attention whathe say dear,"[(0, 0.9963993), (1, 0.00034758225), (2, 0.00034696874), (3, 0.00040400252), (4, 0.00047228963), (5, 0.00039879038), (6, 0.00042947542), (7, 0.00045944107), (8, 0.00034704382), (9, 0.00039511095)]","[(0, 0.9963993), (4, 0.00047228963), (7, 0.00045944107), (6, 0.00042947542), (3, 0.00040400252), (5, 0.00039879038), (9, 0.00039511095), (1, 0.00034758225), (8, 0.00034704382), (2, 0.00034696874)]",0
54,"The Pope dies and, naturally, goes to heaven. He's met by the receptioncommittee, and after a whirlwind tour he is told that he can enjoy anyof the myriad of recreations available.He decides that he wants to read all of the ancient original text of theHoly Scriptures, so he spends the next eon or so learning languages.After becoming a linguistic master, he sits down in the library andbegins to pour over every version of the Bible, working back from mostrecent ""Easy Reading"" to the original script.All of a sudden there is a scream in the library. The Angels comerunning in only to find the Pope huddled in his chair, crying to himselfand muttering, ""An 'R'! The scribes left out the 'R'."" A particularly concerned Angel takes him aside, offering comfort, askshim what the problem is and what does he mean. After collecting hiswits, the Pope sobs again, ""It's the letter 'R'. They left out the 'R'.The word was supposed to be CELEBRATE!""",pope dy go met receptioncommittee told enjoy anyof recreation decides want text scripture spends eon learning language becoming master sits andbegins pour version working reading script scream library angel comerunning find pope huddled chair cry himselfand muttering scribe left angel take offering comfort askshim problem mean collecting hiswits pope letter left word supposed celebrate,"[(0, 0.00062672806), (1, 0.0005331139), (2, 0.0005321729), (3, 0.0006196501), (4, 0.00072438736), (5, 0.0006116558), (6, 0.00065871986), (7, 0.99455523), (8, 0.0005322881), (9, 0.0006060124)]","[(7, 0.99455523), (4, 0.00072438736), (6, 0.00065871986), (0, 0.00062672806), (3, 0.0006196501), (5, 0.0006116558), (9, 0.0006060124), (1, 0.0005331139), (8, 0.0005322881), (2, 0.0005321729)]",7
55,"A woman has twins, and gives them up for adoption.  One ofthem goes to a family in Egypt and is named ""Amal.""  The other goes toa  family in Spain; they name him ""Juan.""  Years later, Juan sends apicture of himself to his mom.  Upon receiving the picture, she tellsher husband that she wishes she also had a picture of Amal.  Her husband responds, ""But they are twins-if you've seen Juan, you'veseen   Amal.",woman twin adoption ofthem go family named go family spain name year sends apicture receiving picture tellsher husband wish picture husband responds ve seen amal,"[(0, 0.001344093), (1, 0.9879552), (2, 0.0011413082), (3, 0.0013289135), (4, 0.001553535), (5, 0.0013117688), (6, 0.0014127033), (7, 0.0015112713), (8, 0.0011415553), (9, 0.0012996659)]","[(1, 0.9879552), (4, 0.001553535), (7, 0.0015112713), (6, 0.0014127033), (0, 0.001344093), (3, 0.0013289135), (5, 0.0013117688), (9, 0.0012996659), (8, 0.0011415553), (2, 0.0011413082)]",1
56,"A man and Cindy Crawford get stranded on a desert island.  After a coupleof days they fall in love and start sleeping together.  Time pass theman seems frustrated, Cindy asks if there is anything she can do?  Hesays there is one thing, ""Could you put on this baseball cap and go tothe other side of the island and answer me when I call you Bob?""  Sheagrees.  Next day he is walking on the other side of the island, runsinto her and says ""Hi Bob!""  She says ""Hello, what's up?""  He replies: ""Bob you won't believe it: I've been sleeping with CindyCrawford for the past two weeks!!!!""",man cindy crawford get stranded desert island coupleof day fall love start sleeping time theman seems frustrated cindy asks anything hesays thing could put baseball cap go side island answer call bob sheagrees day walking side island runsinto say bob say reply bob won believe ve sleeping cindycrawford week,"[(0, 0.00069023547), (1, 0.00058713526), (2, 0.00058609893), (3, 0.0006824403), (4, 0.00079779077), (5, 0.0006736359), (6, 0.0007254691), (7, 0.99400353), (8, 0.00058622577), (9, 0.0006674207)]","[(7, 0.99400353), (4, 0.00079779077), (6, 0.0007254691), (0, 0.00069023547), (3, 0.0006824403), (5, 0.0006736359), (9, 0.0006674207), (1, 0.00058713526), (8, 0.00058622577), (2, 0.00058609893)]",7
57,Why are there so many Jones's in the phone book?Because they all have phones.,jones phone book phone,"[(0, 0.007856642), (1, 0.006683098), (2, 0.0066713016), (3, 0.007767913), (4, 0.009080895), (5, 0.0076676966), (6, 0.00825769), (7, 0.008833852), (8, 0.92958397), (9, 0.0075969514)]","[(8, 0.92958397), (4, 0.009080895), (7, 0.008833852), (6, 0.00825769), (0, 0.007856642), (3, 0.007767913), (5, 0.0076676966), (9, 0.0075969514), (1, 0.006683098), (2, 0.0066713016)]",8
58,"How many teddybears does it take to change a lightbulb?It takes only one teddybear, but it takes a whole lot of lightbulbs.",teddybears take change lightbulb take take lot lightbulb,"[(0, 0.00408576), (1, 0.0034754716), (2, 0.003469337), (3, 0.0040396177), (4, 0.0047224197), (5, 0.9638983), (6, 0.004294321), (7, 0.0045939474), (8, 0.0034700881), (9, 0.003950711)]","[(5, 0.9638983), (4, 0.0047224197), (7, 0.0045939474), (6, 0.004294321), (0, 0.00408576), (3, 0.0040396177), (9, 0.003950711), (1, 0.0034754716), (8, 0.0034700881), (2, 0.003469337)]",5
59,"The Chukcha (Russian Eskimo) phones up the Russian Parliament Building.  A guard answers. Chukcha:  ""What is required to become Parliament member?""Guard:  ""What are you, an idiot?""Chukcha:  ""Is it required?""",chukcha eskimo phone parliament building guard answer chukcha required member guard idiot chukcha required,"[(0, 0.0023755352), (1, 0.0020207025), (2, 0.97870857), (3, 0.002348707), (4, 0.0027457008), (5, 0.0023184058), (6, 0.0024967962), (7, 0.0026710045), (8, 0.0020175723), (9, 0.0022970152)]","[(2, 0.97870857), (4, 0.0027457008), (7, 0.0026710045), (6, 0.0024967962), (0, 0.0023755352), (3, 0.002348707), (5, 0.0023184058), (9, 0.0022970152), (1, 0.0020207025), (8, 0.0020175723)]",2
60,What did the Buddhist say to the hot dog vendor?Make me one with everything.,say dog vendor make everything,"[(0, 0.0063838116), (1, 0.005430264), (2, 0.005420679), (3, 0.94367427), (4, 0.007378563), (5, 0.006230287), (6, 0.006709678), (7, 0.0071778307), (8, 0.005421852), (9, 0.0061728037)]","[(3, 0.94367427), (4, 0.007378563), (7, 0.0071778307), (6, 0.006709678), (0, 0.0063838116), (5, 0.006230287), (9, 0.0061728037), (1, 0.005430264), (8, 0.005421852), (2, 0.005420679)]",3
61,"During a recent publicity outing, Hillary sneaked off to visit afortune teller of some local repute.  In a dark and hazy room, peeringinto a crystal ball, the mystic delivered grave news.""There's no easy way to say this, so I'll just be blunt: Prepareyourself to be a widow.  Your husband will die a violent and horribledeath this year.""Visibly shaken, Hillary stared at the woman's lined face, then at the single flickering candle, then down at her hands.  She took a few deep breaths to compose herself.  She simply had to know.  She met thefortune teller's gaze, steadied her voice, and asked her question.""Will I be acquitted?""",publicity outing sneaked visit afortune teller repute dark hazy room ball delivered grave news way say blunt prepareyourself widow husband die horribledeath year shaken stared woman lined face flickering hand took breath compose know thefortune teller gaze steadied voice asked question acquitted,"[(0, 0.0008043675), (1, 0.00068421935), (2, 0.00068301166), (3, 0.00079528335), (4, 0.9930373), (5, 0.00078502315), (6, 0.000845427), (7, 0.00090441474), (8, 0.0006831595), (9, 0.0007777802)]","[(4, 0.9930373), (7, 0.00090441474), (6, 0.000845427), (0, 0.0008043675), (3, 0.00079528335), (5, 0.00078502315), (9, 0.0007777802), (1, 0.00068421935), (8, 0.0006831595), (2, 0.00068301166)]",4
62,"A group of  managers were given the assignment to measure theheight of a flagpole. So they go out to the flagpole with laddersand tape measures, and they're falling off the ladders, droppingthe tape measures - the whole thing is just a mess.An engineer comes along and sees what they're trying to do,walks over, pulls the flagpole out of the ground, lays it flat,measures it from end to end, gives the measurement to one of themanagers and walks away.After the engineer has gone, one manager turns to another andlaughs. ""Isn't that just like an engineer, we're looking for the height and he gives us the length.""",group manager given measure theheight laddersand tape measure re falling ladder droppingthe tape measure thing mess engineer come see re trying walk flagpole ground lay measure end give measurement themanagers walk gone manager turn andlaughs isn engineer re looking length,"[(0, 0.0008442435), (1, 0.0007181391), (2, 0.0007168715), (3, 0.00083470903), (4, 0.9926921), (5, 0.00082394015), (6, 0.00088733854), (7, 0.00094925053), (8, 0.0007170267), (9, 0.0008163382)]","[(4, 0.9926921), (7, 0.00094925053), (6, 0.00088733854), (0, 0.0008442435), (3, 0.00083470903), (5, 0.00082394015), (9, 0.0008163382), (1, 0.0007181391), (8, 0.0007170267), (2, 0.0007168715)]",4
63,"An engineer, a physicist and a mathematician are sleeping in aroom. There is a fire in the room. The engineer wakes up, sees the fire,picks up the bucket of water and douses the fire and goes back tosleep. Again there is fire in the room. This time, the physicist wakesup, notices the bucket, fills it with water, calculates the optimaltrajectory and douses the fire in minimum amount of water and goesback to sleep. Again there is fire. This time the mathematician wakes up. He looks at the fire, looks at the bucket and the water andexclaims, ""A solution exists"" and goes back to sleep.",engineer physicist sleeping aroom fire room engineer wake see fire pick bucket water douses fire go fire room time notice bucket water calculates optimaltrajectory douses fire amount water goesback sleep fire time wake look fire look bucket water andexclaims solution exists go sleep,"[(0, 0.0007857833), (1, 0.0006684111), (2, 0.0006672313), (3, 0.000776909), (4, 0.0009082272), (5, 0.0007668859), (6, 0.99311584), (7, 0.000883519), (8, 0.00066737575), (9, 0.00075981027)]","[(6, 0.99311584), (4, 0.0009082272), (7, 0.000883519), (0, 0.0007857833), (3, 0.000776909), (5, 0.0007668859), (9, 0.00075981027), (1, 0.0006684111), (8, 0.00066737575), (2, 0.0006672313)]",6
64,What is the rallying cry of the International Dyslexic Pride movement?Dyslexics Untie!,rallying cry dyslexic pride movement dyslexics,"[(0, 0.005376059), (1, 0.0045730392), (2, 0.0045649675), (3, 0.005315345), (4, 0.95346427), (5, 0.0052467696), (6, 0.005650484), (7, 0.006044734), (8, 0.0045659556), (9, 0.005198361)]","[(4, 0.95346427), (7, 0.006044734), (6, 0.005650484), (0, 0.005376059), (3, 0.005315345), (5, 0.0052467696), (9, 0.005198361), (1, 0.0045730392), (8, 0.0045659556), (2, 0.0045649675)]",4
65,"Two Rednecks were seated at the end of a bar when a young ladyseated a few stools up began to choke on a piece of hamburger.  She wasturning blue and obviously in serious respiratory distress.One said to the other, ""That gal there is having a bad time!"" The other agreed and said ""Think we should go help?""  ""You bet,"" said thefirst,and with that, he ran over and said, ""Can you breathe??""  She shookher head no.  He said, ""Can you speak??""  She again shook her head no.With that, he pulled up her skirt and licked her on the butt.She was so shocked, she coughed up the obstruction and began tobreathe-with great relief.The redneck walked back to hisfriend and said, ""Funny how that hind lick maneuver always works.""",redneck seated bar ladyseated began piece hamburger wasturning respiratory distress said time agreed said think go help bet said ran said breathe shookher head said shook head pulled skirt licked shocked obstruction began relief redneck walked hisfriend said hind maneuver work,"[(0, 0.0008238301), (1, 0.0007007749), (2, 0.000699538), (3, 0.00081452617), (4, 0.0009522026), (5, 0.0008040177), (6, 0.00086588314), (7, 0.9928429), (8, 0.0006996894), (9, 0.00079659955)]","[(7, 0.9928429), (4, 0.0009522026), (6, 0.00086588314), (0, 0.0008238301), (3, 0.00081452617), (5, 0.0008040177), (9, 0.00079659955), (1, 0.0007007749), (8, 0.0006996894), (2, 0.000699538)]",7
66,"A lawyer opened the door of his BMW, when suddenly a car came alongand hit the door, ripping it off completely.  When the police arrivedat the scene, the lawyer was complaining bitterly about the damage tohis precious BMW.  ""Officer, look what they've done to my Beeeeemer!!!"", he whined.  ""You lawyers are so materialistic, you makeme sick!!!""  retorted the officer.  ""You're so worried about yourstupid BMW, that you didn't even notice that your left arm was rippedoff!!!""  ""Oh my gaaaad..."", replied the lawyer, finally noticing thebloody left shoulder where his arm once was.  ""Where's myRolex???!!!!""",lawyer opened bmw car came hit door ripping arrivedat scene lawyer complaining damage bmw officer look done beeeeemer whined lawyer makeme retorted officer re worried bmw didn left rippedoff oh gaaaad replied lawyer noticing thebloody left arm myrolex,"[(0, 0.0008882886), (1, 0.00075560523), (2, 0.0007542715), (3, 0.9921624), (4, 0.0010267053), (5, 0.00086692604), (6, 0.00093363196), (7, 0.000998774), (8, 0.0007544348), (9, 0.00085892744)]","[(3, 0.9921624), (4, 0.0010267053), (7, 0.000998774), (6, 0.00093363196), (0, 0.0008882886), (5, 0.00086692604), (9, 0.00085892744), (1, 0.00075560523), (8, 0.0007544348), (2, 0.0007542715)]",3
67,"Once upon a time, two brooms fell in love and decided to get married.Before the ceremony, the bride broom informed the groom broom that she was expecting a little whiskbroom. The groom broom was aghast!""How is this possible?"" he asked. ""We've never swept together!",time broom fell decided get married ceremony bride broom informed groom broom expecting whiskbroom groom broom asked ve swept,"[(0, 0.0017612003), (1, 0.9842174), (2, 0.001495486), (3, 0.0017413101), (4, 0.0020356374), (5, 0.0017188449), (6, 0.001851102), (7, 0.0019802584), (8, 0.0014958098), (9, 0.0017029861)]","[(1, 0.9842174), (4, 0.0020356374), (7, 0.0019802584), (6, 0.001851102), (0, 0.0017612003), (3, 0.0017413101), (5, 0.0017188449), (9, 0.0017029861), (8, 0.0014958098), (2, 0.001495486)]",1
68,"A man piloting a hot air balloon discovers he has wandered off course andis hopelessly lost. He descends to a lower altitude and locates a mandown on the ground. He lowers the balloon further and shouts ""Excuse me,can you tell me where I am?""The man below says: ""Yes, you're in a hot air balloon, about 30 feetabove this field.""""You must work in Information Technology,"" says the balloonist.""Yes I do,"" replies the man. ""And how did you know that?""""Well,"" says the balloonist, ""what you told me is technically correct,but of no use to anyone.""The man below says, ""You must work in management.""""I do,"" replies the balloonist, ""how did you know?""""Well,"" says the man, ""you don't know where you are, or where you'regoing, but you expect my immediate help. You're in the same position youwere before we met, but now it's my fault!""",man piloting air balloon discovers wandered course andis lost descends altitude locates mandown ground balloon shout excuse tell man say air balloon field must work information technology say yes reply man know say balloonist told use anyone man say must work management balloonist know say man know regoing expect help re position met fault,"[(0, 0.00062670227), (1, 0.00053309195), (2, 0.000532151), (3, 0.0006196246), (4, 0.00072435755), (5, 0.0006116307), (6, 0.0006586928), (7, 0.0007046515), (8, 0.0005322662), (9, 0.9944568)]","[(9, 0.9944568), (4, 0.00072435755), (7, 0.0007046515), (6, 0.0006586928), (0, 0.00062670227), (3, 0.0006196246), (5, 0.0006116307), (1, 0.00053309195), (8, 0.0005322662), (2, 0.000532151)]",9
69,"This guys wife asks, ""Honey if I died would you remarry?"" and he replies,""Well, after a considerable period of grieving, we all needcompanionship, I guess I would.""She then asks, ""If I died and you remarried, would she live in thishouse?"" and he replies, ""We've spent a lot of time and money getting thishouse just the way we want it. I'm not going to get rid of my house, Iguess she would.""""If I died and you remarried, and she lived in this house, would shesleep in our bed?"" and he says, ""That bed is brand new, we just paid twothousand dollars for it, it's going to last a long time, I guess shewould.""So she asks, ""If I died and you remarried, and she lived in this house,and slept in our bed, would she use my golf clubs?""""Oh no, she's left handed.""",wife asks honey died would remarry period grieving guess would asks remarried would live thishouse reply spent lot time money getting thishouse way want going get house iguess would died lived house would shesleep bed say bed brand paid twothousand dollar going time guess shewould asks died lived house slept bed would use golf club oh left handed,"[(0, 0.0005837285), (1, 0.00049653713), (2, 0.0004956607), (3, 0.0005771361), (4, 0.0006746874), (5, 0.0005696903), (6, 0.00061352534), (7, 0.00065633265), (8, 0.99476826), (9, 0.0005644341)]","[(8, 0.99476826), (4, 0.0006746874), (7, 0.00065633265), (6, 0.00061352534), (0, 0.0005837285), (3, 0.0005771361), (5, 0.0005696903), (9, 0.0005644341), (1, 0.00049653713), (2, 0.0004956607)]",8
70,"Employer to applicant: ""In this job we need someone who is responsible.""Applicant: ""I'm the one you want. On my last job, every time anythingwent wrong, they said I was responsible.""",employer job need someone want job time anythingwent wrong said,"[(0, 0.0032950786), (1, 0.0028028938), (2, 0.0027979466), (3, 0.0032578656), (4, 0.003808531), (5, 0.003215835), (6, 0.0034632783), (7, 0.0037049206), (8, 0.0027985522), (9, 0.97085506)]","[(9, 0.97085506), (4, 0.003808531), (7, 0.0037049206), (6, 0.0034632783), (0, 0.0032950786), (3, 0.0032578656), (5, 0.003215835), (1, 0.0028028938), (8, 0.0027985522), (2, 0.0027979466)]",9
71,"At a recent Sacramento PC Users Group meeting,a company was demonstrating its latest speech-recognition software.   A representative from thecompany was just about ready to start thedemonstration and asked everyone in the roomto quiet down.Just then someone in the back of the room yelled,""Format C: Return.""Someone else chimed in:""Yes, Return""Unfortunately, the software worked.",pc user group meeting company demonstrating speech recognition software thecompany start thedemonstration asked everyone roomto someone room yelled return someone chimed return software worked,"[(0, 0.0013993444), (1, 0.0011903248), (2, 0.0011882238), (3, 0.0013835409), (4, 0.0016173958), (5, 0.98763543), (6, 0.001470775), (7, 0.0015733949), (8, 0.001188481), (9, 0.001353091)]","[(5, 0.98763543), (4, 0.0016173958), (7, 0.0015733949), (6, 0.001470775), (0, 0.0013993444), (3, 0.0013835409), (9, 0.001353091), (1, 0.0011903248), (8, 0.001188481), (2, 0.0011882238)]",5
72,"On the first day of college, the Dean addressed the students,pointing out some of the rules:""The female dormitory will be out-of-bounds for all male studentsand the male dormitory to the female students. Anybody caught breakingthis rule will be finded $20 the first time."" He continued, ""Anybody caught breaking this rule the second time will be fined $60. Being caughta third time will cost you a fine of $180. Are there any questions ?""At this point, a male student in the crowd inquired:""How much for a season pass ?""",day college dean addressed student pointing rule dormitory studentsand male student anybody caught rule finded time continued anybody caught breaking rule time fined time cost question point male student crowd inquired season pas,"[(0, 0.0010215244), (1, 0.0008689397), (2, 0.00086740596), (3, 0.9909868), (4, 0.0011807025), (5, 0.0009969576), (6, 0.001073669), (7, 0.0011485817), (8, 0.0008675937), (9, 0.0009877593)]","[(3, 0.9909868), (4, 0.0011807025), (7, 0.0011485817), (6, 0.001073669), (0, 0.0010215244), (5, 0.0009969576), (9, 0.0009877593), (1, 0.0008689397), (8, 0.0008675937), (2, 0.00086740596)]",3
73,"Q: What is the difference between George  Washington, Richard Nixon,and Bill Clinton?A: Washington couldn't tell a lie, Nixon couldn't   tell the truth, andClinton doesn't know the difference.",difference george richard nixon bill clinton washington couldn tell couldn tell doesn know difference,"[(0, 0.9790666), (1, 0.002020739), (2, 0.0020171723), (3, 0.00234875), (4, 0.0027457506), (5, 0.002318448), (6, 0.0024968416), (7, 0.002671053), (8, 0.002017609), (9, 0.0022970568)]","[(0, 0.9790666), (4, 0.0027457506), (7, 0.002671053), (6, 0.0024968416), (3, 0.00234875), (5, 0.002318448), (9, 0.0022970568), (1, 0.002020739), (8, 0.002017609), (2, 0.0020171723)]",0
74,"Q: How many stalkers does it take to change a light bulb?A: Two. One to replace the bulb, and the other to watch it day and night.",stalker take change bulb replace watch day night,"[(0, 0.004085828), (1, 0.0034755291), (2, 0.0034693948), (3, 0.004039685), (4, 0.004722498), (5, 0.9638977), (6, 0.004294392), (7, 0.0045940233), (8, 0.0034701456), (9, 0.0039507765)]","[(5, 0.9638977), (4, 0.004722498), (7, 0.0045940233), (6, 0.004294392), (0, 0.004085828), (3, 0.004039685), (9, 0.0039507765), (1, 0.0034755291), (8, 0.0034701456), (2, 0.0034693948)]",5
75,Q: Do you know the difference between an intelligent male and theSasquatch?A: There have been actual reported sightings of the Sasquatch.,know difference thesasquatch reported sasquatch,"[(0, 0.006383779), (1, 0.0054302365), (2, 0.9427835), (3, 0.006311684), (4, 0.007378525), (5, 0.006230255), (6, 0.006709644), (7, 0.007177794), (8, 0.0054218248), (9, 0.006172772)]","[(2, 0.9427835), (4, 0.007378525), (7, 0.007177794), (6, 0.006709644), (0, 0.006383779), (3, 0.006311684), (5, 0.006230255), (9, 0.006172772), (1, 0.0054302365), (8, 0.0054218248)]",2
76,"There once was a man and a woman that both  got in  a terrible car wreck. Both of their vehicles  were completely destroyed, buy fortunately, no one  was   hurt.  In thankfulness, the woman said to the man, 'We are both okay, so we should celebrate. I have   a  bottle of wine in my car, let's open it.'         So the woman got the bottleout of the car, and  handed it to the man. The man took a really big drink, and handed the woman the bottle. The  woman  closed the bottle and put it down. The man  asked,  'Aren't you going to take a drink?' The woman cleverly replied, 'No, I think I'll  just  wait for the cops to get here.'",man woman got car wreck vehicle destroyed buy hurt thankfulness woman said man okay celebrate bottle wine car let woman got car handed man man took drink handed woman bottle woman closed bottle put man asked going take drink woman replied think wait cop get,"[(0, 0.0007511233), (1, 0.00063892826), (2, 0.0006378005), (3, 0.00074264046), (4, 0.00086816633), (5, 0.0007330594), (6, 0.0007894649), (7, 0.99347454), (8, 0.00063793856), (9, 0.0007262959)]","[(7, 0.99347454), (4, 0.00086816633), (6, 0.0007894649), (0, 0.0007511233), (3, 0.00074264046), (5, 0.0007330594), (9, 0.0007262959), (1, 0.00063892826), (8, 0.00063793856), (2, 0.0006378005)]",7
77,If pro- is the opposite of con- then congress must be the oppositeof progress.,con congress must oppositeof progress,"[(0, 0.006383763), (1, 0.0054302225), (2, 0.005420638), (3, 0.006311668), (4, 0.007378507), (5, 0.0062302393), (6, 0.0067096273), (7, 0.0071777757), (8, 0.0054218112), (9, 0.94353575)]","[(9, 0.94353575), (4, 0.007378507), (7, 0.0071777757), (6, 0.0067096273), (0, 0.006383763), (3, 0.006311668), (5, 0.0062302393), (1, 0.0054302225), (8, 0.0054218112), (2, 0.005420638)]",9
78,Q: What's the difference between the government  and  the Mafia?A: One of them is organized.,difference government mafia organized,"[(0, 0.00785668), (1, 0.0066831303), (2, 0.006671334), (3, 0.0077679507), (4, 0.009080939), (5, 0.007667734), (6, 0.00825773), (7, 0.0088338945), (8, 0.006672778), (9, 0.93050784)]","[(9, 0.93050784), (4, 0.009080939), (7, 0.0088338945), (6, 0.00825773), (0, 0.00785668), (3, 0.0077679507), (5, 0.007667734), (1, 0.0066831303), (8, 0.006672778), (2, 0.006671334)]",9
79,"Q: Ever wonder why the IRS calls it Form 1040?A: Because for every $50 that you earn, you get 10 and they get 40.",wonder irs call form earn get get,"[(0, 0.004642884), (1, 0.0039493777), (2, 0.0039424067), (3, 0.0045904494), (4, 0.005366356), (5, 0.0045312266), (6, 0.004879883), (7, 0.0052203657), (8, 0.9583876), (9, 0.0044894195)]","[(8, 0.9583876), (4, 0.005366356), (7, 0.0052203657), (6, 0.004879883), (0, 0.004642884), (3, 0.0045904494), (5, 0.0045312266), (9, 0.0044894195), (1, 0.0039493777), (2, 0.0039424067)]",8
80,"Hillary, Bill Clinton and the Pope are sitting together on an airplane.Bill says ""I could throw one thousand dollar bill out of this plane andmake one person very happy.""Hillary says ""I could throw 10 hundred dollar bills out of the plane andmake 10 people very happy.""The Pope chips in and says ""I could throw Bill out of the airplane and make the whole country happy.""",bill clinton pope sitting bill say could throw dollar bill plane andmake person say could throw dollar bill plane andmake people pope chip say could throw bill make country,"[(0, 0.001160798), (1, 0.00098741), (2, 0.0009856671), (3, 0.0011476885), (4, 0.0013416782), (5, 0.98974323), (6, 0.0012200518), (7, 0.001305178), (8, 0.0009858805), (9, 0.0011224294)]","[(5, 0.98974323), (4, 0.0013416782), (7, 0.001305178), (6, 0.0012200518), (0, 0.001160798), (3, 0.0011476885), (9, 0.0011224294), (1, 0.00098741), (8, 0.0009858805), (2, 0.0009856671)]",5
81,"An Asian man goes into a New York CityBank to exchange 10,000 yen forAmerican Currency.  The teller gives him $72.00.  The next month theAsian man goes into the same bank with 10,000 yen and receives $62.00.He asks, ""How come? Only $62.00?"" The teller says ""Fluctuations-Fluctuations!""Whereupon the Asian man looks back at the teller and says ""Fluk youAmelicans too!""",man go york citybank exchange yen currency teller give month man go bank yen receives asks come teller say fluctuation fluctuation whereupon man look teller say fluk youamelicans,"[(0, 0.0012017799), (1, 0.0010222705), (2, 0.0010204661), (3, 0.98939645), (4, 0.0013890461), (5, 0.0011728782), (6, 0.0012631257), (7, 0.0013512574), (8, 0.0010206869), (9, 0.0011620567)]","[(3, 0.98939645), (4, 0.0013890461), (7, 0.0013512574), (6, 0.0012631257), (0, 0.0012017799), (5, 0.0011728782), (9, 0.0011620567), (1, 0.0010222705), (8, 0.0010206869), (2, 0.0010204661)]",3
82,"Q: How do you keep a computer programmer in the shower all day long?A: Give them a shampoo with a label that says""rinse, lather, repeat"".",keep computer programmer shower day shampoo label say rinse repeat,"[(0, 0.0032951003), (1, 0.0028029121), (2, 0.002797965), (3, 0.003257887), (4, 0.003808556), (5, 0.97088456), (6, 0.003463301), (7, 0.0037049449), (8, 0.0027985706), (9, 0.0031861851)]","[(5, 0.97088456), (4, 0.003808556), (7, 0.0037049449), (6, 0.003463301), (0, 0.0032951003), (3, 0.003257887), (9, 0.0031861851), (1, 0.0028029121), (8, 0.0027985706), (2, 0.002797965)]",5
83,"What a woman says:""This place is a mess!  C'mon,You and I need to clean up,Your stuff is lying on the floor andyou'll have no clothes to wear,if we don't do laundry right now!""What a man hears:blah, blah, blah, blah, C'monblah, blah, blah, blah, you and Iblah, blah, blah, blah, on the floorblah, blah, blah, blah, no clothesblah, blah, blah, blah, RIGHT NOW!",woman say place mess mon need stuff lying floor andyou ll clothes wear man hears blah blah blah monblah blah blah blah iblah blah blah blah floorblah blah blah blah clothesblah blah blah blah right,"[(0, 0.0009636883), (1, 0.0008197425), (2, 0.99136263), (3, 0.00095280487), (4, 0.001113854), (5, 0.00094051246), (6, 0.0010128805), (7, 0.0010835519), (8, 0.0008184727), (9, 0.00093183486)]","[(2, 0.99136263), (4, 0.001113854), (7, 0.0010835519), (6, 0.0010128805), (0, 0.0009636883), (3, 0.00095280487), (5, 0.00094051246), (9, 0.00093183486), (1, 0.0008197425), (8, 0.0008184727)]",2
84,"Q: What is the difference between Mechanical Engineers and Civil Engineers? A: Mechanical Engineers build weapons, Civil Engineers build targets.",difference engineer engineer engineer build engineer build target,"[(0, 0.004085739), (1, 0.0034754537), (2, 0.0034693193), (3, 0.0040395968), (4, 0.9646334), (5, 0.003987481), (6, 0.0042942986), (7, 0.0045939237), (8, 0.0034700702), (9, 0.0039506904)]","[(4, 0.9646334), (7, 0.0045939237), (6, 0.0042942986), (0, 0.004085739), (3, 0.0040395968), (5, 0.003987481), (9, 0.0039506904), (1, 0.0034754537), (8, 0.0034700702), (2, 0.0034693193)]",4
85,Q: How many Presidents does it take to screw in a light bulb?A: It depends upon your definition of screwing a light bulb.,president take screw bulb depends definition screwing light bulb,"[(0, 0.003648063), (1, 0.0031031528), (2, 0.0030976755), (3, 0.0036068633), (4, 0.0042165187), (5, 0.0035603303), (6, 0.96803975), (7, 0.004101809), (8, 0.003098346), (9, 0.003527481)]","[(6, 0.96803975), (4, 0.0042165187), (7, 0.004101809), (0, 0.003648063), (3, 0.0036068633), (5, 0.0035603303), (9, 0.003527481), (1, 0.0031031528), (8, 0.003098346), (2, 0.0030976755)]",6
86,"A neutron walks into a bar and orders a drink.""How much do I owe you?"" the neutron asks.The bartender replies, ""for you, no charge.""",neutron walk bar order drink owe neutron asks reply charge,"[(0, 0.0032950984), (1, 0.0028029107), (2, 0.0027979633), (3, 0.003257885), (4, 0.0038085538), (5, 0.0032158543), (6, 0.97113204), (7, 0.003704943), (8, 0.002798569), (9, 0.0031861835)]","[(6, 0.97113204), (4, 0.0038085538), (7, 0.003704943), (0, 0.0032950984), (3, 0.003257885), (5, 0.0032158543), (9, 0.0031861835), (1, 0.0028029107), (8, 0.002798569), (2, 0.0027979633)]",6
87,"A man, recently completing a routine physical examination receives aphone call from his doctor.  The doctor says, ""I have some good news andsome bad news.""  The man says, ""OK, give me the good news first.""  Thedoctor says, ""The good news is, you have 24 hours to live.""  The manreplies, ""Shit!  That's the good news?  Then what's the bad news?""The doctor says, ""The bad news is, I forgot to call you yesterday.""",man completing examination receives doctor doctor say news andsome news man say give news thedoctor say news hour manreplies shit news news doctor say news forgot call yesterday,"[(0, 0.0012017769), (1, 0.0010222679), (2, 0.0010204635), (3, 0.0011882046), (4, 0.0013890426), (5, 0.0011728752), (6, 0.9894714), (7, 0.001351254), (8, 0.0010206844), (9, 0.0011620538)]","[(6, 0.9894714), (4, 0.0013890426), (7, 0.001351254), (0, 0.0012017769), (3, 0.0011882046), (5, 0.0011728752), (9, 0.0011620538), (1, 0.0010222679), (8, 0.0010206844), (2, 0.0010204635)]",6
88,"A Czechoslovakian man felt his eyesight was growing steadily worse, and felt it was time to go see an optometrist. The doctor started with some simple testing, and showed him a standard eye chart with letters ofdiminishing size: CRKBNWXSKZY. . . ""Can you read this?"" the doctor asked. ""Read it?"" the Czech answered. ""Doc, I know him!""",man felt growing felt time go doctor started testing showed eye chart letter ofdiminishing size crkbnwxskzy read doctor asked czech answered doc know,"[(0, 0.0014592999), (1, 0.9869228), (2, 0.0012391338), (3, 0.0014428194), (4, 0.001686694), (5, 0.0014242051), (6, 0.0015337911), (7, 0.0016408077), (8, 0.001239402), (9, 0.0014110648)]","[(1, 0.9869228), (4, 0.001686694), (7, 0.0016408077), (6, 0.0015337911), (0, 0.0014592999), (3, 0.0014428194), (5, 0.0014242051), (9, 0.0014110648), (8, 0.001239402), (2, 0.0012391338)]",1
89,"A radio conversation of a US naval ship with Canadian authorities ... Americans: Please divert your course 15 degrees to the North to avoid acollision.Canadians: Recommend you divert YOUR course 15 degrees to the South to avoid a collision.Americans: This is the Captain of a US Navy ship.  I say again, divert YOUR course.Canadians: No.  I say again, you divert YOUR course.Americans: This is the aircraft carrier USS LINCOLN, the second largest ship in the United States' Atlantic Fleet. We are accompanied by three destroyers, three cruisers and numerous support vessels. I demand that you change your course 15 degrees north, that's ONE FIVE DEGREES NORTH, or counter-measures will be undertaken to ensure the safety of this ship.Canadians: This is a lighthouse.  Your call.",radio conversation ship authority please course acollision recommend divert course degree south collision captain ship say course say course aircraft carrier lincoln ship state fleet accompanied destroyer cruiser support demand change course north counter measure ensure safety ship lighthouse call,"[(0, 0.00084424263), (1, 0.00071813836), (2, 0.0007168708), (3, 0.992551), (4, 0.00097579585), (5, 0.00082393934), (6, 0.0008873376), (7, 0.00094924954), (8, 0.000717026), (9, 0.0008163373)]","[(3, 0.992551), (4, 0.00097579585), (7, 0.00094924954), (6, 0.0008873376), (0, 0.00084424263), (5, 0.00082393934), (9, 0.0008163373), (1, 0.00071813836), (8, 0.000717026), (2, 0.0007168708)]",3
90,Q: How many programmers does it take to change a lightbulb?A: NONE!   That's a hardware problem....,programmer take change lightbulb none hardware problem,"[(0, 0.004642936), (1, 0.0039494224), (2, 0.0039424514), (3, 0.004590501), (4, 0.005366417), (5, 0.004531278), (6, 0.95932376), (7, 0.005220425), (8, 0.0039433045), (9, 0.0044894703)]","[(6, 0.95932376), (4, 0.005366417), (7, 0.005220425), (0, 0.004642936), (3, 0.004590501), (5, 0.004531278), (9, 0.0044894703), (1, 0.0039494224), (8, 0.0039433045), (2, 0.0039424514)]",6
91,"A Panda bear walks into a bar.  Sits down at a table and orders a beer and a double cheeseburger.  After he is finished eating, he pulls out a gunand rips the place with gunfire.  Patrons scatter and dive under chairs andtables as the bear runs out the door.  After ensuring that no one is hurt, the bartender races out the door, and calls after the bear ""What the hell didyou do that for?""  The bear calls back, ""I'm a Panda bear.  Look it up in thedictionary.""  The bartender returns, pulls out his dictionary.panda : \Pan""da\, n. (Zo[""o]l.)A small Asiatic mammal (Ailurus fulgens) having fine soft fur.It is related to the bears, and inhabits the mountains of Northern India.Eats shoots and leaves.",panda bear walk bar sits order beer cheeseburger finished eating pull gunand rip place gunfire patron scatter chair andtables bear run ensuring hurt bartender race door call bear hell didyou call panda look bartender return pull panda pan da zo ailurus fulgens fur related inhabits mountain india eats shoot leaf,"[(0, 0.0006765114), (1, 0.0005754611), (2, 0.00057444535), (3, 0.00066887116), (4, 0.0007819281), (5, 0.0006602419), (6, 0.00071104435), (7, 0.00076065585), (8, 0.0005745697), (9, 0.9940163)]","[(9, 0.9940163), (4, 0.0007819281), (7, 0.00076065585), (6, 0.00071104435), (0, 0.0006765114), (3, 0.00066887116), (5, 0.0006602419), (1, 0.0005754611), (8, 0.0005745697), (2, 0.00057444535)]",9
92,"Early one morning a mother went to her sleeping son and woke him up.""Wake up, son.  It's time to go to school."" ""But why, Mama?  I don't want to go to school."" ""Give me two reasons why you don't want to go to school."" ""One, all the children hate me. Two, all the teachers hate me,"" ""Oh! that's no reason. Come on, you have to go to school,"" ""Give me two good reasons WHY I should go to school?""  ""One, you are fifty-two years old. Two, you are the principal of the school."" ",morning mother went sleeping son woke wake son time go school mama want go school give reason want go school child hate teacher hate reason come go school reason go school fifty year school,"[(0, 0.0009917602), (1, 0.00084362127), (2, 0.0008421322), (3, 0.99124944), (4, 0.0011463001), (5, 0.0009679092), (6, 0.0010423852), (7, 0.0011151154), (8, 0.0008423145), (9, 0.00095897884)]","[(3, 0.99124944), (4, 0.0011463001), (7, 0.0011151154), (6, 0.0010423852), (0, 0.0009917602), (5, 0.0009679092), (9, 0.00095897884), (1, 0.00084362127), (8, 0.0008423145), (2, 0.0008421322)]",3
93,"Reaching the end of a job interview, the human resources person asked ayoung engineer fresh out of Stanford,""And what starting salary were you looking for?""The engineer said, ""In the neighborhood of $125,000 a year, dependingon the benefits package.""The interviewer said, ""Well, what would you say to a package of 5-weeks vacation, 14 paid holidays, full medical and dental, company matching retirement fund to 50% of salary, and a company car leased every 2 years - say, a red Corvette?""The Engineer sat up straight and said, ""Wow! Are you kidding?""And the interviewer replied, ""Yeah, but you started it.""",reaching end job interview resource person asked engineer stanford starting looking engineer said year dependingon benefit package interviewer said would say package week vacation paid holiday company matching retirement fund company car leased year say corvette engineer sat said kidding interviewer replied yeah started,"[(0, 0.0007680663), (1, 0.00065334054), (2, 0.00065218733), (3, 0.00075939216), (4, 0.0008877495), (5, 0.99321336), (6, 0.00080727285), (7, 0.0008635984), (8, 0.0006523285), (9, 0.00074267894)]","[(5, 0.99321336), (4, 0.0008877495), (7, 0.0008635984), (6, 0.00080727285), (0, 0.0007680663), (3, 0.00075939216), (9, 0.00074267894), (1, 0.00065334054), (8, 0.0006523285), (2, 0.00065218733)]",5
94,"Two atoms are walking down the street when one atom says to the other ""Oh, my! I've lost an electron!""The second atom says""Are you sure""The first replies ""I'm positive!""",walking street atom say ve lost atom say reply,"[(0, 0.0036480401), (1, 0.9673089), (2, 0.0030976564), (3, 0.003606841), (4, 0.004216492), (5, 0.003560308), (6, 0.003834257), (7, 0.0041017835), (8, 0.0030983267), (9, 0.003527459)]","[(1, 0.9673089), (4, 0.004216492), (7, 0.0041017835), (6, 0.003834257), (0, 0.0036480401), (3, 0.003606841), (5, 0.003560308), (9, 0.003527459), (8, 0.0030983267), (2, 0.0030976564)]",1
95,"Just a thought ..Before criticizing someone, walk a mile in their shoes.  Then when you do criticize them, you will be a mile away and have their shoes !",thought criticizing someone walk shoe criticize mile shoe,"[(0, 0.004085853), (1, 0.0034755508), (2, 0.0034694162), (3, 0.0040397095), (4, 0.9646324), (5, 0.003987592), (6, 0.0042944187), (7, 0.0045940517), (8, 0.003470167), (9, 0.0039508007)]","[(4, 0.9646324), (7, 0.0045940517), (6, 0.0042944187), (0, 0.004085853), (3, 0.0040397095), (5, 0.003987592), (9, 0.0039508007), (1, 0.0034755508), (8, 0.003470167), (2, 0.0034694162)]",4
96,"Two attorneys went into a diner and ordered two drinks.  Then they produced sandwiches from their briefcases and started to eat.  The owner becamequite concerned and marched over and told them, ""You can't eat your ownsandwiches in here!""The attorneys looked at each other, shrugged their shoulders and thenexchanged sandwiches.",attorney went ordered drink produced briefcase started eat owner becamequite concerned marched eat ownsandwiches attorney looked shoulder thenexchanged sandwich,"[(0, 0.98448), (1, 0.0014981685), (2, 0.0014955241), (3, 0.0017413544), (4, 0.0020356893), (5, 0.0017188886), (6, 0.0018511491), (7, 0.0019803087), (8, 0.0014958478), (9, 0.0017030295)]","[(0, 0.98448), (4, 0.0020356893), (7, 0.0019803087), (6, 0.0018511491), (3, 0.0017413544), (5, 0.0017188886), (9, 0.0017030295), (1, 0.0014981685), (8, 0.0014958478), (2, 0.0014955241)]",0
97,"A teacher is explaining to her class how different languages use negatives differently.  She says, ""In all languages, a positive followedby a negative or a negative followed by a positive makes a negative.  Insome languages, two negatives together make a positive, while in others theymake a negative.  But in no language do two positives make a negative.""  One of the students puts up his hand and says, ""Yeah, right.""",explaining class language use say language followed make language make others theymake language make student put hand say,"[(0, 0.0018572701), (1, 0.0015798503), (2, 0.0015770618), (3, 0.0018362951), (4, 0.0021466773), (5, 0.98358923), (6, 0.0019520759), (7, 0.0020882776), (8, 0.0015774032), (9, 0.0017958806)]","[(5, 0.98358923), (4, 0.0021466773), (7, 0.0020882776), (6, 0.0019520759), (0, 0.0018572701), (3, 0.0018362951), (9, 0.0017958806), (1, 0.0015798503), (8, 0.0015774032), (2, 0.0015770618)]",5
98,"Age and Womanhood1. Between the ages of 13 and 18 ...&nbsp;&nbsp;&nbsp;&nbsp;She is like Africa, virgin and unexplored. 2. Between the ages of 19 and 35 ...&nbsp;&nbsp;&nbsp;&nbsp;She is like Asia, hot and exotic. 3. Between the ages of 36 and 45 ...&nbsp;&nbsp;&nbsp;&nbsp;She is like America, fully explored, breathtakingly beautiful,and free with her resources.4. Between the ages of 46 and 56 ...&nbsp;&nbsp;&nbsp;&nbsp;She is like Europe, exhausted but still has points of interest. 5. After 56 she is like Australia ...&nbsp;&nbsp;&nbsp;&nbsp;Everybody knows it's down there, but who gives a damn?",age womanhood1 age nbsp africa virgin unexplored age nbsp asia age nbsp america explored resource age nbsp europe exhausted point interest australia nbsp everybody know damn,"[(0, 0.0012930823), (1, 0.001099935), (2, 0.0010979936), (3, 0.0012784789), (4, 0.0014945755), (5, 0.0012619848), (6, 0.0013590886), (7, 0.9887663), (8, 0.0010982312), (9, 0.0012503412)]","[(7, 0.9887663), (4, 0.0014945755), (6, 0.0013590886), (0, 0.0012930823), (3, 0.0012784789), (5, 0.0012619848), (9, 0.0012503412), (1, 0.001099935), (8, 0.0010982312), (2, 0.0010979936)]",7
99,A bus station is where a bus stops.A train station is where a train stops.On my desk I have a work station...,bus station bus stop train station train stop desk work station,"[(0, 0.003004306), (1, 0.0025555538), (2, 0.0025510432), (3, 0.002970377), (4, 0.003472449), (5, 0.97345406), (6, 0.0031576632), (7, 0.0033779817), (8, 0.0025515952), (9, 0.0029050028)]","[(5, 0.97345406), (4, 0.003472449), (7, 0.0033779817), (6, 0.0031576632), (0, 0.003004306), (3, 0.002970377), (9, 0.0029050028), (1, 0.0025555538), (8, 0.0025515952), (2, 0.0025510432)]",5
100,Q: Whats the difference between greeting a Queen and greeting thePresident of the United  States?A: You only have to get on one knee to greet the queen.,whats difference greeting greeting thepresident state get knee greet queen,"[(0, 0.003295074), (1, 0.00280289), (2, 0.0027979426), (3, 0.0032578611), (4, 0.0038085256), (5, 0.0032158305), (6, 0.0034632736), (7, 0.0037049155), (8, 0.9704675), (9, 0.0031861598)]","[(8, 0.9704675), (4, 0.0038085256), (7, 0.0037049155), (6, 0.0034632736), (0, 0.003295074), (3, 0.0032578611), (5, 0.0032158305), (9, 0.0031861598), (1, 0.00280289), (2, 0.0027979426)]",8
